user_id,name,password,login_time,logout_time
4886419,Tom,nrmyrgquvw,2020-06-29 09:03:34.039891,2020-10-07 18:14:57.232894
1803517,James,zabvvsckjb,2020-08-20 18:39:22.779698,2020-10-31 20:22:39.862645
3195240,Mary,hnkmotumgi,2020-03-31 09:28:49.774914,2020-12-09 03:34:08.155306
2440922,John,bhkhsisjec,2020-06-01 08:21:22.713986,2020-06-24 08:29:07.805820
8919853,Linda,lbhhpzkrse,2020-05-18 23:01:52.629970,2020-11-13 21:42:46.742652
8791585,Robert,qqtxopavvq,2020-05-29 14:21:21.472849,2020-08-17 06:05:35.717792
2772740,David,uwittnjmmn,2020-06-30 05:57:37.576659,2020-12-24 03:24:07.166519
4991710,Kevin,recnfpnobg,2020-09-12 11:24:07.168688,2020-12-15 04:40:21.725701
6390053,Emma,tprscjifev,2020-12-29 14:24:01.559241,2020-12-31 12:43:50.697347
9067735,Anna,djschhteim,2020-02-07 12:42:15.484248,2020-05-14 08:39:35.961498
6571281,Frank,nolqqblktg,2020-08-23 10:18:34.204444,2020-12-13 22:04:56.320223
2989440,Washington,tsqowtpubb,2020-02-15 18:21:24.423339,2020-05-18 09:22:53.092571
3368834,Joan,snlemexktv,2020-07-12 09:52:44.930979,2020-12-31 09:33:43.852873
9716428,Kyle,lknutiuoxr,2020-04-03 20:31:10.022255,2020-10-09 04:28:05.446387
2282632,Pepe,abqrvdbefp,2020-11-13 14:55:28.383463,2020-12-23 15:23:21.462368
3642649,OmegaLUL,ljixmgultc,2020-07-23 15:56:06.361708,2020-08-07 21:05:18.379610
6672498,Sean,lkdluqdpeu,2020-12-25 13:51:42.865706,2020-12-31 14:05:31.054378
3439239,Karen,kknnporgxo,2020-07-07 03:41:24.008790,2020-12-05 05:20:20.067529
8721576,Vader,monlvbhste,2020-04-02 22:45:39.866041,2020-05-27 11:53:41.792176
8899079,Corona,ewxptjdqpk,2020-11-12 02:55:55.905762,2020-12-12 14:15:51.889614
